,count,probability
0,0,0.8154121863799283
1,1,0.13978494623655913
2,2,0.03046594982078853
3,3,0.010752688172043012
4,4,0.0035842293906810036
