,BOW cosine similarity,levenshtein distance,NGRAM cosine similarity,BPW flip,LD flip,NGRAM flip,data ID 1,data ID 2
0,0.9999999,0,1.0,0.9999999,0,1.0,162 am 24 control ,162 am 24 control 
1,0.97768813,3,0.7272727272727273,0.97768813,3,0.7272727272727273,162 am 24 control ,163 am 24 control 
2,0.95014405,2,0.6206896551724138,0.95014405,2,0.6206896551724138,162 am 24 control ,164 am 24 control 
3,0.97768813,3,0.7272727272727273,0.97768813,3,0.7272727272727273,163 am 24 control ,162 am 24 control 
4,1.0,0,1.0,1.0,0,1.0,163 am 24 control ,163 am 24 control 
5,0.9795705,3,0.7222222222222222,0.9795705,3,0.7222222222222222,163 am 24 control ,164 am 24 control 
6,0.95014405,2,0.6206896551724138,0.95014405,2,0.6206896551724138,164 am 24 control ,162 am 24 control 
7,0.9795705,3,0.7222222222222222,0.9795705,3,0.7222222222222222,164 am 24 control ,163 am 24 control 
8,1.0000001,0,1.0,1.0000001,0,1.0,164 am 24 control ,164 am 24 control 
