,count,probability
0,0,0.8521505376344086
1,1,0.11774193548387096
2,2,0.02258064516129032
3,3,0.004838709677419355
4,4,0.002688172043010753
