,count,probability
0,0,0.9166666666666666
1,1,0.08333333333333333
