,count,probability
0,0,0.7401960784313726
1,1,0.20588235294117646
2,2,0.0392156862745098
3,4,0.00980392156862745
4,3,0.004901960784313725
