,count,probability
0,0,0.9116161616161617
1,1,0.08333333333333333
2,2,0.005050505050505051
