,count,probability
0,0,0.9722222222222222
1,1,0.027777777777777776
