,count,probability
0,0,0.8763440860215054
1,1,0.10618279569892473
2,2,0.013440860215053764
3,4,0.002688172043010753
4,3,0.0013440860215053765
