,count,probability
0,0,0.8548387096774194
1,1,0.11290322580645161
2,2,0.021505376344086023
3,3,0.008960573476702509
4,4,0.0017921146953405018
