,count,probability
0,0,0.9814814814814815
1,1,0.018518518518518517
