,count,probability
0,0,0.9652777777777778
1,1,0.034722222222222224
