,count,probability
0,0,0.9141414141414141
1,1,0.08080808080808081
2,2,0.0025252525252525255
3,3,0.0025252525252525255
