,count,probability
0,0,0.8580645161290322
1,1,0.11451612903225807
2,2,0.02043010752688172
3,3,0.005913978494623656
4,4,0.001075268817204301
