,count,probability
0,0,0.8821548821548821
1,1,0.10437710437710437
2,2,0.013468013468013467
