,count,probability
0,0,0.8566308243727598
1,1,0.1111111111111111
2,2,0.026881720430107527
3,3,0.0035842293906810036
4,4,0.0017921146953405018
