,count,probability
0,0,0.8736559139784946
1,1,0.10483870967741936
2,2,0.016129032258064516
3,3,0.004032258064516129
4,4,0.0013440860215053765
