,count,probability
0,0,0.8405017921146953
1,1,0.12903225806451613
2,2,0.025089605734767026
3,3,0.005376344086021506
