,count,probability
0,0,0.7303921568627451
1,1,0.20098039215686275
2,2,0.05392156862745098
3,3,0.00980392156862745
4,4,0.004901960784313725
