,count,probability
0,0,0.8855218855218855
1,1,0.1111111111111111
2,2,0.003367003367003367
