,BOW cosine similarity,levenshtein distance,NGRAM cosine similarity,BPW flip,LD flip,NGRAM flip,data ID 1,data ID 2
0,0.9709183,3,0.92,0.9709183,3,0.92,162 am 24 oakMargin ,162 am 24 control 
1,0.94415224,3,0.6140350877192983,0.94415224,3,0.6140350877192983,163 am 24 oakMargin ,163 am 24 control 
2,0.94685566,2,0.7169811320754716,0.9468557,2,0.7169811320754716,164 am 24 oakMargin ,164 am 24 control 
